"","htags_list","Freq"
"719","#hydrogen",297
"626","#GreenHydrogen",240
"538","#fuelcell",239
"623","#greenhydrogen",220
"720","#Hydrogen",140
"398","#energy",113
"767","#HydrogenNow",113
"540","#FuelCell",100
"554","#fuelcells",78
"664","#H2",77
"1286","#Sustainability",74
"299","#decarbonise",72
"566","#future",62
"373","#electrolyser",57
"1134","#RenewableEnergy",51
"1488","#zeroemissions",51
"207","#CleanEnergy",50
"206","#cleanenergy",47
"1133","#renewableenergy",44
"746","#hydrogenenergy",42
"614","#GreenEnergy",40
"212","#cleanhydrogen",37
"1143","#renewables",36
"743","#hydrogeneconomy",35
"275","#COP26",30
"763","#hydrogennews",30
"768","#hydrogenpower",28
"996","#NetZero",28
"806","#icshydrogen",27
"227","#ClimateAction",26
"751","#hydrogenfuel",23
"783","#HydrogenWave",23
"415","#energytransition",22
"793","#Hyundai",22
"1265","#stocks",20
"1484","#zeroemission",20
"301","#Decarbonization",19
"407","#energynews",18
"752","#HydrogenFuel",18
"230","#ClimateChange",16
"559","#FuelCellsNow",16
"764","#hydrogennow",14
"773","#hydrogenproduction",14
"1375","#trucks",14
"1490","#ZeroEmissions",14
"160","#carbon",13
"219","#cleantech",13
"487","#FCEL",13
"644","#greenhydrogen.",13
"1003","#news",13
"1285","#sustainability",13
"368","#ElectricVehicles",12
"672","#H2View",12
"777","#hydrogenstrategy",12
"1263","#StockMarket",12
"300","#decarbonization",11
"492","#FCEV",11
"747","#hydrogenEnergy",11
"1144","#Renewables",11
"1344","#trading",11
"451","#EUGreenDeal",10
"607","#green",10
"1266","#Stocks",10
"1383","#UK",10
"228","#ClimateActionNow",9
"296","#decarbonisation",9
"369","#electrification",9
"399","#Energy",9
"470","#EVs",9
"539","#Fuelcell",9
"625","#Greenhydrogen",9
"1270","#stockstowatch",9
"197","#Chile",8
"237","#ClimateEmergency",8
"286","#crypto",8
"328","#Earnings",8
"442","#ESG",8
"555","#FuelCells",8
"613","#greenenergy",8
"748","#HydrogenEnergy",8
"842","#investing",8
"948","#Mirai",8
"1087","#power",8
"1430","#Wasserstoff",8
"159","#Car",7
"211","#cleanH2steam",7
"229","#climatechange",7
"376","#Electrolysis",7
"387","#emissions",7
"417","#EnergyTransition",7
"762","#hydrogenmobility",7
"834","#innovation",7
"995","#netzero",7
"1127","#renewable",7
"1262","#stockmarket",7
"1309","#technology",7
"1318","#Tesla",7
"1367","#TrendingStocks",7
"1428","#wallstreetbets",7
"1497","#ÏàòÏÜå",7
"1498","#ÏàòÏÜåÎ™®ÎπåÎ¶¨Ìã∞",7
"1500","#ÏàòÏÜåÏÇ¨Ìöå",7
"1508","#ÌòÑÎåÄÏûêÎèôÏ∞®Í∑∏Î£π",7
"79","#Australia",6
"126","#bluehydrogen",6
"127","#BlueHydrogen",6
"151","#California",6
"225","#climate",6
"226","#climateaction",6
"389","#emobility",6
"416","#Energytransition",6
"612","#greendeal",6
"636","#greenhydrogen,",6
"736","#HydrogenBoiler",6
"785","#HydroZen",6
"797","#HyundaiMotorGroup‚Äôs",6
"801","#Hyzon",6
"843","#investment",6
"880","#Kia",6
"951","#mobility",6
"1004","#News",6
"1301","#Tech",6
"11","#24h2challenge",5
"12","#24H2Challenge",5
"23","#ActOnClimate",5
"88","#Automobile",5
"123","#Bitcoin",5
"142","#bus",5
"234","#ClimateCrisis",5
"292","#Daimler",5
"359","#ElectricCar",5
"361","#ElectricCars",5
"433","#environment",5
"523","#FossilFuels",5
"589","#Germany",5
"620","#GreenH2",5
"661","#gr√ºnerWasserstoff",5
"738","#hydrogencar",5
"739","#HydrogenCar",5
"922","#marine",5
"927","#markets",5
"1001","#newbalance",5
"1040","#offshorewind",5
"1300","#tech",5
"1419","#Volvo",5
"1429","#wasserstoff",5
"32","#Africa",4
"53","#Amazon",4
"61","#Apple",4
"65","#AquaVentus?",4
"73","#asx",4
"89","#automotive",4
"100","#Ballard",4
"105","#battery",4
"132","#BMW",4
"154","#Canada",4
"161","#carboncapture",4
"162","#CarbonCapture",4
"176","#cars",4
"186","#CCS",4
"288","#cryptocurrency",4
"295","#daytrading",4
"327","#earnings",4
"363","#Electricity",4
"374","#Electrolyser",4
"378","#electrolyzer",4
"410","#energysector",4
"463","#ev",4
"465","#EV",4
"544","#fuelcell-powered",4
"549","#FuelcellEnergy",4
"740","#hydrogene",4
"924","#maritime",4
"985","#NaturalGas",4
"1007","#Nexo",4
"1042","#offshorewindenergy",4
"1126","#Renault",4
"1140","#renewablehydrogen",4
"1207","#shipping",4
"1218","#SmallCap",4
"1256","#startups",4
"1261","#stock",4
"1297","#TeamHyPotential",4
"1339","#Toyota",4
"1361","#Transportation",4
"1372","#trucking",4
"1421","#VW",4
"1445","#weitermitwasserstoff",4
"1476","#YouTube",4
"1499","#ÏàòÏÜåÎπÑÏ†Ñ",4
"38","#aircraft",3
"39","#AirPollution",3
"50","#altseason",3
"136","#brennstoffzelle",3
"165","#carbonemissions",3
"188","#CCUS",3
"192","#cex",3
"205","#CleanAir",3
"215","#CleanMaritime",3
"223","#cleantechnology",3
"248","#CNG",3
"261","#commodities",3
"269","#ConnectingGreenTalent",3
"297","#Decarbonisation",3
"306","#defi",3
"312","#dex",3
"314","#DiscoverHydrogen",3
"334","#economics",3
"336","#economy",3
"338","#ECT",3
"350","#Eisenhuth's",3
"356","#Electric",3
"367","#electricvehicles",3
"375","#electrolysis",3
"403","#energyefficiency",3
"422","#EnergyTwitter",3
"429","#enrichedfeed",3
"455","#Europe",3
"479","#Facebook",3
"534","#FridaysForFuture",3
"561","#FuelCellSystem",3
"565","#furucombo",3
"578","#gas",3
"584","#GenH2",3
"602","#GlobalWarming",3
"604","#Google",3
"605","#graphite",3
"640","#GreenHydrogen:",3
"641","#greenhydrogen?",3
"642","#GreenHydrogen?",3
"645","#GreenHydrogen.",3
"653","#greensteel",3
"655","#greentech",3
"660","#Grimsby",3
"689","#Hidr√≥genoVerde",3
"731","#hydrogen,",3
"755","#HydrogenFuelcell",3
"774","#HydrogenSociety",3
"792","#hyundai",3
"808","#idrogeno",3
"817","#India",3
"835","#Innovation",3
"957","#money",3
"966","#MWN",3
"993","#Netflix",3
"1010","#NGV",3
"1044","#oilandgas",3
"1136","#RenewableEnergy,",3
"1149","#Research",3
"1166","#roundtable",3
"1203","#Shanghai",3
"1221","#smartcontracts",3
"1225","#Smog",3
"1231","#Solar",3
"1234","#solarenergy",3
"1242","#SouthAmerica",3
"1245","#SP500",3
"1248","#SpaceX",3
"1254","#startup",3
"1291","#sustainableenergy",3
"1313","#Telecom",3
"1315","#TelecomSector",3
"1327","#today",3
"1371","#Truck",3
"1381","#Twitter",3
"1407","#vehicles",3
"1415","#VisionFK",3
"1423","#WA",3
"1441","#webinar",3
"1451","#wind",3
"1486","#ZeroEmission",3
"6","#10Miles",2
"28","#AEEP",2
"29","#AEW2021",2
"33","#Africa.",2
"46","#alternativefuel",2
"47","#AlternativeFuel",2
"48","#alternativefuels",2
"57","#ammonia",2
"68","#ArgusBiofuels",2
"69","#ArgusGas",2
"78","#auspol",2
"81","#Australia‚Äôs",2
"82","#Australiaüá¶üá∫",2
"94","#autos",2
"104","#batteries",2
"106","#Battery",2
"109","#BatteryShow",2
"110","#batterystorage",2
"120","#bipolarplates",2
"144","#Buses",2
"153","#CambioClim√°tico",2
"163","#carbone.",2
"164","#carbonemission",2
"168","#carbonneutral",2
"169","#CarbonNeutral",2
"172","#CarbonoNeutralidad",2
"183","#CCDA2021",2
"190","#cellcentric",2
"203","#circulareconomy",2
"204","#cleanair",2
"217","#CleanPower",2
"221","#CleanTech",2
"239","#climatetech",2
"240","#ClimateVoteClimat2021",2
"246","#CMU,",2
"249","#CO2",2
"258","#Commentary",2
"262","#Commodities",2
"281","#creativeknowlegeblog",2
"303","#decarbonize",2
"307","#DeFi",2
"310","#Descarbonizaci√≥n",2
"320","#Drone",2
"330","#Eaton‚Äôs",2
"345","#Effectivelybe",2
"348","#EfficiencyRecord",2
"351","#elaflex",2
"354","#Electolyser",2
"355","#electric",2
"362","#electricity",2
"365","#electricvehicle",2
"366","#ElectricVehicle",2
"377","#electrolyte",2
"385","#emergency",2
"390","#eMobility",2
"392","#Enapter",2
"395","#Energ√≠aRenovable",2
"411","#energystorage",2
"420","#energytransition.",2
"421","#EnergyTransitions",2
"428","#enhancedoilrecovery",2
"431","#entrepreneruship",2
"452","#EUGreenDeals",2
"460","#EuropeanUnion",2
"471","#EVs,",2
"472","#eWeatherNews",2
"486","#fcel",2
"490","#FCET",2
"495","#FCEVs",2
"496","#FCEVs)",2
"498","#FCV",2
"501","#finance",2
"505","#FirstElementConference",2
"509","#Fitfor55",2
"517","#forex",2
"536","#fuel",2
"545","#fuelcell,",2
"558","#fuelcells-powered",2
"567","#Future",2
"577","#G&amp;W",2
"582","#Gencell",2
"588","#German",2
"606","#Greek",2
"610","#green_hydrogen_use_in_car",2
"619","#greenfuel",2
"632","#greenhydrogen-https://t.co/Y24DR2FuOZ",2
"637","#GreenHydrogen,",2
"648","#GreenMobility",2
"651","#greenpower",2
"656","#Greentransformation",2
"682","#heavy-duty",2
"691","#Hidr√≥genoVerde,",2
"697","#Hitachi",2
"709","#husumwind",2
"730","#hydrogen-powered",2
"744","#Hydrogeneconomy",2
"753","#hydrogenfuel.",2
"757","#hydrogenfuelcells",2
"758","#HydrogenFuelInTelecomSector",2
"784","#hydropower",2
"802","#IAA21",2
"807","#ICYMI",2
"816","#india",2
"825","#industrialization",2
"827","#Industry",2
"841","#invest",2
"845","#InvestmentCapitalGrowth",2
"853","#IRENA",2
"855","#ironore",2
"860","#ITMPower",2
"863","#Japan",2
"884","#korea",2
"891","#leakdetection",2
"896","#LightningNetWork",2
"898","#liquidelectricity",2
"900","#LiquidHydrogenInfrastructure",2
"903","#Lithium",2
"909","#lowcarbon",2
"916","#Malaysia",2
"918","#Manganese",2
"920","#manufacturing",2
"925","#Maritime",2
"928","#Markets",2
"930","#Materials",2
"935","#methane",2
"946","#Mira",2
"965","#MukeshAmbani",2
"970","#Nanomaterials",2
"976","#NASA",2
"978","#Nasdaq",2
"1006","#NewYork",2
"1018","#NkomatiNickel",2
"1021","#NorthDakota",2
"1026","#NREL",2
"1034","#oasisengineering",2
"1041","#OffshoreWind",2
"1054","#Panasonic",2
"1061","#PH2",2
"1071","#PLIscheme",2
"1075","#PlugPower",2
"1084","#port",2
"1094","#PowerUnitModule",2
"1098","#Prism",2
"1101","#Production",2
"1109","#Quantron",2
"1117","#readytobuildhydrogen",2
"1128","#Renewable",2
"1132","#RenewableEnergies",2
"1158","#RNG",2
"1173","#Russia-1st",2
"1176","#safety",2
"1181","#samsung",2
"1185","#savetheplanet",2
"1188","#SCI2022",2
"1197","#SeekingAlpha",2
"1220","#SmartCitiesIndia",2
"1222","#SmartEnergy",2
"1223","#SmartGrid",2
"1226","#SNAM",2
"1229","#Softbank",2
"1230","#solar",2
"1237","#SolarPower",2
"1239","#SolarPV",2
"1240","#SOTEU",2
"1251","#sportscar",2
"1252","#SportsCar",2
"1260","#Stelllantis",2
"1267","#StocksInFocus",2
"1292","#SustainableFuture",2
"1329","#Token",2
"1335","#Toshiba",2
"1351","#TrailerDrone,",2
"1354","#Transici√≥nEnerg√©tica",2
"1360","#transport",2
"1365","#Trending",2
"1368","#TrinidadandTobago,",2
"1370","#truck",2
"1373","#trucking,",2
"1389","#Uniper",2
"1395","#USüá∫üá∏,",2
"1396","#USA",2
"1400","#valuechain",2
"1417","#VIXC",2
"1424","#Wabtec",2
"1427","#WallStreet",2
"1436","#water",2
"1438","#waveenergy",2
"1452","#Wind",2
"1455","#WindEnergy",2
"1478","#ZeroAvia",2
"1504","#Ïó∞Î£åÏ†ÑÏßÄÏãúÏä§ÌÖú",2
"1516","#„Éã„É•„Éº„Éê„É©„É≥„Çπ",2
"1","#‚Ä¶https://t.co/P8TALeDWnP",1
"2","##bluehydrogen",1
"3","##FuelCellsNow",1
"4","##Hydrogen",1
"5","##zeroemissions",1
"7","#10Q",1
"8","#1937)",1
"9","#2",1
"10","#2021!",1
"13","#3dprinting",1
"14","#3LRR",1
"15","#4582726**-",1
"16","#4WDÁáÉÊñôÈõªÊ±†„Ç´„Éº",1
"17","#8K",1
"18","#AAATrade",1
"19","#Aandelen",1
"20","#Aberdeen.",1
"21","#ACES),",1
"22","#action",1
"24","#adaptation",1
"25","#additionality",1
"26","#ADXEnergy",1
"27","#AEC.",1
"30","#AEX",1
"31","#affordable",1
"34","#Africa‚Äôs",1
"35","#Africanü§ù#European",1
"36","#ah2vbiobio",1
"37","#AIoT-enabled",1
"40","#Airship--https://t.co/88nkpHg3WA",1
"41","#aktien",1
"42","#Aktien",1
"43","#alerts",1
"44","#alfalaval",1
"45","#allaboutrenewables",1
"49","#alternativemodel",1
"51","#alxcltd",1
"52","#amazon",1
"54","#AmazonES",1
"55","#AmChamGR",1
"56","#AME",1
"58","#Ammonia",1
"59","#Anglesey",1
"60","#Angleterre",1
"62","#AppleEvent",1
"63","#AppleEvent2021",1
"64","#APTManagementServices",1
"66","#AR",1
"67","#Argentina?",1
"70","#ArgusGas:",1
"71","#ArriveAlive",1
"72","#AssafinaOnline",1
"74","#ASX:$PRL),",1
"75","#asxinvestors",1
"76","#ausbiz",1
"77","#ausbiztv",1
"80","#Australia:",1
"83","#Australian",1
"84","#Austria",1
"85","#autodigg",1
"86","#autoindustry",1
"87","#automobile",1
"90","#Automotive",1
"91","#AutoNews",1
"92","#autonomous",1
"93","#Autonomous",1
"95","#Autos",1
"96","#AVL--The",1
"97","#AyanaRenewablePower",1
"98","#Azure",1
"99","#BackupPower",1
"101","#ballardpowersystems",1
"102","#Barge",1
"103","#Batterie",1
"107","#BatteryElectricVehicle",1
"108","#batteryminerals",1
"111","#batterystorageon",1
"112","#bcpoli",1
"113","#BCTech",1
"114","#Beleggen",1
"115","#betsyrosenberg",1
"116","#BEV",1
"117","#biofuels",1
"118","#biomass",1
"119","#BiomassDelusion",1
"121","#bissettcreek",1
"122","#bitcoin",1
"124","#BLU",1
"125","#BlueAlp",1
"128","#bluehydrogen,",1
"129","#BlueHydrogen,",1
"130","#BlueHydrogen'))",1
"131","#bmw",1
"133","#boat,",1
"134","#bounty",1
"135","#Brazil",1
"137","#briflynews",1
"138","#BuildBackBetter",1
"139","#BuildBackGreener",1
"140","#Burnaby",1
"141","#Burnaby!",1
"143","#Bus-The",1
"145","#Business",1
"146","#businessnetworking",1
"147","#BusinessRoundtable",1
"148","#cabinet",1
"149","#calcar",1
"150","#california",1
"152","#California's",1
"155","#Canada's",1
"156","#Canadaüá®üá¶",1
"157","#Cannabis.",1
"158","#car",1
"166","#carbonfiber",1
"167","#carbonfree",1
"170","#CarbonNeutral.",1
"171","#CarbonNeutrality",1
"173","#Caribbean",1
"174","#carnews",1
"175","#CarNews",1
"177","#carsguide",1
"178","#catalyse",1
"179","#catalyst",1
"180","#catalyzing",1
"181","#Caterpillar",1
"182","#CBconf21,",1
"184","#CCDA2021.",1
"185","#CCDA9",1
"187","#CCU",1
"189","#CEEbill",1
"191","#ceoinsights",1
"193","#cfd",1
"194","#ChemicalLooping",1
"195","#Chemnitz",1
"196","#Chevron",1
"198","#Chile-Industrial-scale",1
"199","#Chile.",1
"200","#China",1
"201","#China--Market",1
"202","#China.",1
"208","#cleanenergyfuture",1
"209","#cleanenergytransition",1
"210","#cleanfuels",1
"213","#CleanHydrogen",1
"214","#cleanhydrogn",1
"216","#CleanMobility",1
"218","#cleanshipping",1
"220","#Cleantech",1
"222","#cleantech!",1
"224","#cleanvessels",1
"231","#climatechange,",1
"232","#climatechange.",1
"233","#ClimateConversion",1
"235","#ClimateDisaster.",1
"236","#climateemergency",1
"238","#ClimateReport",1
"241","#ClimateWarrior",1
"242","#ClimateWeek",1
"243","#ClimateWeekNYC",1
"244","#cloud",1
"245","#clouds",1
"247","#CNBCTV18Exclusive",1
"250","#co2reduction",1
"251","#coal",1
"252","#coal-based",1
"253","#coalgasification",1
"254","#coalindia",1
"255","#coalmining",1
"256","#CodyBateman",1
"257","#color",1
"259","#commercialization",1
"260","#commercials",1
"263","#composites",1
"264","#compressors",1
"265","#COMTRANS-2021",1
"266","#Concept",1
"267","#conferences",1
"268","#ConnectedThinking",1
"270","#ConnectKaro",1
"271","#constructiontechnology",1
"272","#Contextlogic",1
"273","#cooperation.",1
"274","#cop26",1
"276","#Corolla",1
"277","#CorollaSport",1
"278","#CorporateOrPublicServant",1
"279","#Cost",1
"280","#cpi",1
"282","#criticalminerals",1
"283","#CroissanceBleue",1
"284","#CroissanceVerte",1
"285","#crossx",1
"287","#cryptocurrencies",1
"289","#cummins",1
"290","#cumminsarabia",1
"291","#Cymru",1
"293","#datacenters,",1
"294","#DataCentre",1
"298","#decarbonisation.",1
"302","#decarbonization:",1
"304","#decarbonizing",1
"305","#decentralisation?",1
"308","#deforestation",1
"309","#Denmark",1
"311","#Development",1
"313","#DidYouKnow",1
"315","#distributedhydrogen.",1
"316","#diverse",1
"317","#DraftKings",1
"318","#DRI",1
"319","#drone",1
"321","#Drones-@intellenergy",1
"322","#dsei",1
"323","#dsei2021",1
"324","#DubaiWorldTradeCentre,",1
"325","#dynamicenergy",1
"326","#EA",1
"329","#Eaton",1
"331","#eBogie",1
"332","#ecofriendly",1
"333","#EconomicGrowth",1
"335","#√âconomieBleue",1
"337","#Economy",1
"339","#EDAG",1
"340","#Edison",1
"341","#EDISON",1
"342","#education",1
"343","#EducationForAll",1
"344","#eesEU",1
"346","#efficiency,",1
"347","#EfficiencyFirst",1
"349","#EHMWExpo",1
"352","#elearning",1
"353","#elearning.",1
"357","#Electric_Vehicles",1
"358","#electricbike",1
"360","#electriccars",1
"364","#electrictruck",1
"370","#Electrification",1
"371","#ElectrifyEverything",1
"372","#Electrochemistry,",1
"379","#Electrolyzer",1
"380","#Electrolyzers",1
"381","#electrondiffraction",1
"382","#elektriklikamyon",1
"383","#elektroauto",1
"384","#eliminate",1
"386","#emission",1
"388","#emobilite",1
"391","#enapter",1
"393","#ENEOS",1
"394","#Energia",1
"396","#Energie",1
"397","#Energiewende",1
"400","#ENERGY",1
"401","#energy.",1
"402","#energycapital",1
"404","#energyefficiency?",1
"405","#energygrid",1
"406","#EnergyIndependence",1
"408","#EnergyNews",1
"409","#energypoverty",1
"412","#Energystorage",1
"413","#EnergyStorage",1
"414","#EnergyTransformation,",1
"418","#energytransition,",1
"419","#energytransition?",1
"423","#enerjihaber",1
"424","#enerjihaberleri",1
"425","#engineering",1
"426","#Engineering",1
"427","#engineers",1
"430","#entrepeneur",1
"432","#entreprises",1
"434","#Environment",1
"435","#environmental",1
"436","#EnvironmentalChallenge",1
"437","#EnvironmentalLaw",1
"438","#Equities",1
"439","#equity",1
"440","#ERCOT",1
"441","#ErneuerbareEnergien",1
"443","#ESGInvesting",1
"444","#ETCR",1
"445","#ethereum",1
"446","#eToro",1
"447","#eu",1
"448","#EUA",1
"449","#EUengineering",1
"450","#EUGreenCapital",1
"453","#EUmanufacturing",1
"454","#eurasiamining",1
"456","#Europe""",1
"457","#European",1
"458","#EuropeanGreenDeal"",",1
"459","#EuropeanResearchArea",1
"461","#Eurozone",1
"462","#EUStrategy",1
"464","#Ev",1
"466","#ev!",1
"467","#EVbatteries",1
"468","#evenort",1
"469","#EVrevolution",1
"473","#exhibition",1
"474","#exhibitors:",1
"475","#exploring",1
"476","#Expoquimia21,",1
"477","#export",1
"478","#ExxonMobil...",1
"480","#Fact",1
"481","#factset",1
"482","#FaithDrivenEntrepreneurs",1
"483","#FaithDrivenInvestors",1
"484","#FaithDrivenVentureCapital",1
"485","#FCEB",1
"488","#fcell",1
"489","#FCellStuttgart",1
"491","#fcev",1
"493","#FCEV,",1
"494","#FCEV)",1
"497","#FCHJU",1
"499","#FCV.",1
"500","#fev",1
"502","#Finance",1
"503","#financialnews",1
"504","#fires",1
"506","#FirstMode,",1
"507","#fiscal2021",1
"508","#fiscalmatters",1
"510","#fittings",1
"511","#FiveStars",1
"512","#Flanges",1
"513","#flight",1
"514","#FM",1
"515","#foodTech",1
"516","#forbes",1
"518","#forexnews",1
"519","#fossilfree",1
"520","#fossilfuel",1
"521","#FossilFuel",1
"522","#fossilfuel,",1
"524","#fossilfuels,",1
"525","#FossilFuels,",1
"526","#fracking)",1
"527","#France--Took",1
"528","#France,",1
"529","#France.",1
"530","#FraserRange",1
"531","#FREE",1
"532","#FRESHFOAM",1
"533","#fridaymorning",1
"535","#FuboTv",1
"537","#Fuel",1
"541","#FUELCELL",1
"542","#FuelCell_Energy",1
"543","#FuelCell--@hyzonmotors",1
"546","#FuelCell.",1
"547","#fuelcellüöåbuses",1
"548","#fuelcellenergy",1
"550","#FuelCellEnergy",1
"551","#fuelcellenergyinc",1
"552","#fuelcellenergystock",1
"553","#FuelCellReport",1
"556","#fuelcells--https://t.co/87vg6xr18Z",1
"557","#FuelCells--Successful",1
"560","#fuelcellsrock",1
"562","#FuelOfTheFuture",1
"563","#FullFlatSystem",1
"564","#Functional",1
"568","#futurebattery",1
"569","#futureofcars",1
"570","#futureofmobility",1
"571","#FutureOfMobility",1
"572","#futureready",1
"573","#futuretechnology",1
"574","#futurosostenible",1
"575","#fx",1
"576","#FYIFriday",1
"579","#Gas",1
"580","#Gas.",1
"581","#gas'",1
"583","#genesis",1
"585","#GEOLAC",1
"586","#Geotermia",1
"587","#geothermal",1
"590","#Germany--Joins",1
"591","#Germany-In",1
"592","#Germany,",1
"593","#GevoFAQ",1
"594","#gevofuels",1
"595","#GH2",1
"596","#Giappon",1
"597","#GLC",1
"598","#Global",1
"599","#GlobalEnergyShow",1
"600","#GlobalGreenH2Alliance",1
"601","#Globalstar,",1
"603","#gogreen",1
"608","#Green",1
"609","#GREEN",1
"611","#GreenAmmonia",1
"615","#greenernergy",1
"616","#greenEurope",1
"617","#GreenFinance,",1
"618","#GreenFleet",1
"621","#greenhousegas",1
"622","#GreenHy2",1
"624","#greenHydrogen",1
"627","#GreenHydrogen-",1
"628","#greenhydrogen---https://t.co/q8oakG2cAt",1
"629","#greenhydrogen--https://t.co/0Er2DGuGJo",1
"630","#greenhydrogen-based",1
"631","#greenhydrogen-https://t.co/4Iuu7WRMc6",1
"633","#GreenHydrogen-powered",1
"634","#GreenHydrogen-Supply",1
"635","#GreenHydrogen-Using",1
"638","#greenhydrogen,‚Äùwrites",1
"639","#greenhydrogen:",1
"643","#GreenHydrogen?!",1
"646","#GreenHydrogen'",1
"647","#GreenHydrogen/day",1
"649","#greennewdeal",1
"650","#GreenNewDeal",1
"652","#GreenstatHydrogen",1
"654","#GreenSteel",1
"657","#greentv",1
"658","#greenwashing",1
"659","#Greenwashing",1
"662","#gulfcoastforum",1
"663","#h2",1
"665","#H2,",1
"666","#h2e",1
"667","#H2HYBAT:",1
"668","#h2NOW",1
"669","#h2scan",1
"670","#h2verde",1
"671","#h2verdechile",1
"673","#h2x",1
"674","#H2X",1
"675","#HaruOni",1
"676","#hawaii",1
"677","#hawaiienergy",1
"678","#hdyrogen",1
"679","#Headquarters",1
"680","#heatexchanger",1
"681","#heatpump.",1
"683","#HERO",1
"684","#Hero¬ÆÔ∏è",1
"685","#hessen",1
"686","#HFCEV",1
"687","#HFCEVtruck",1
"688","#hidr√≥geno",1
"690","#Hidr√≥genoverde,",1
"692","#Hidrojen",1
"693","#highlycited",1
"694","#HighPerformance",1
"695","#Hightech-",1
"696","#hiroshima",1
"698","#HLDE2021",1
"699","#HLF",1
"700","#H√∂chst",1
"701","#Holyhead",1
"702","#HomeOfRunning",1
"703","#HondaClarity",1
"704","#HongYun.",1
"705","#HorizonEurope",1
"706","#Hornsea",1
"707","#htecsystems",1
"708","#hudrogen",1
"710","#husumwind]üìÖD-Day",1
"711","#hybrid",1
"712","#hybridcar",1
"713","#HybridElectricVehicle",1
"714","#HyCymru",1
"715","#hydogen",1
"716","#Hydr",1
"717","#hydrocarbon",1
"718","#hydrogecomics",1
"721","#Hydrogen--Bill",1
"722","#Hydrogen--Both",1
"723","#hydrogen--https://t.co/Mztm9WRwsd",1
"724","#hydrogen--https://t.co/NtDQ1IjjeO",1
"725","#Hydrogen--Public",1
"726","#Hydrogen--Thiozen",1
"727","#Hydrogen-Bill",1
"728","#hydrogen-fuel",1
"729","#hydrogen-https://t.co/lX3dncsAz1",1
"732","#hydrogen,#solar,greentech",1
"733","#Hydrogen,The",1
"734","#hydrogen.",1
"735","#hydrogen‚Ä¶https://t.co/4aYgH5HJIR",1
"737","#hydrogenbus",1
"741","#Hydrogene",1
"742","#hydrog√®ne",1
"745","#HydrogenEconomy""",1
"749","#HydrogenEngine",1
"750","#hydrogenfromwater",1
"754","#hydrogenfuelcell",1
"756","#HydrogenFuelCell",1
"759","#hydrogenhawaii",1
"760","#hydrogenhyundaisportssar",1
"761","#hydrogenisnow",1
"765","#hydrogenNow",1
"766","#Hydrogennow",1
"769","#HydrogenPower",1
"770","#HydrogenPowered",1
"771","#hydrogenpoweredsportssarhyundai",1
"772","#HydrogenPPA",1
"775","#HydrogenSociety.",1
"776","#hydrogenstorage",1
"778","#HydrogenStrategy",1
"779","#HydrogenTrains",1
"780","#hydrogentransport",1
"781","#hydrogenvehicles",1
"782","#hydrogenwater",1
"786","#HyEnergy",1
"787","#hyfi",1
"788","#HyFlyOman",1
"789","#Hynova40",1
"790","#hypdrogen",1
"791","#HypdrogenNow",1
"794","#Hyundai's",1
"795","#hyundaihydrogen",1
"796","#HyundaiMotorGroup",1
"798","#HyundaiNexo",1
"799","#hyundaivisionfk",1
"800","#hyundaivisionfkprototype",1
"803","#IAA21,",1
"804","#IAAMobility2021",1
"805","#iconsys",1
"809","#IJHE]",1
"810","#iLint",1
"811","#Ilsan",1
"812","#ImExcitedForWhatsNext",1
"813","#Immingham",1
"814","#indextoday",1
"815","#Indexzertifikat",1
"818","#India-US",1
"819","#India.",1
"820","#India's",1
"821","#Indianorigin",1
"822","#Indiansabroad",1
"823","#IndoUKPartnership",1
"824","#industrial",1
"826","#industry",1
"828","#industry,",1
"829","#inefficient",1
"830","#INFICON",1
"831","#infrastructures",1
"832","#infrustructure",1
"833","#inkjet-printed",1
"836","#innovationmadeinsaxony",1
"837","#interesting",1
"838","#Intersolar",1
"839","#interview",1
"840","#intralogistics",1
"844","#Investment",1
"846","#investments,",1
"847","#investors",1
"848","#investors.",1
"849","#ion",1
"850","#iot",1
"851","#iPhone13",1
"852","#Ireland",1
"854","#IronNet",1
"856","#ironorepellet",1
"857","#I≈üƒ±kEnerjili",1
"858","#Italy",1
"859","#Italy--Edison",1
"861","#Iwatani",1
"862","#IwataniCorporation",1
"864","#Japan.",1
"865","#Japon",1
"866","#Jason_Few",1
"867","#JasonFew",1
"868","#JH2]",1
"869","#JitendraSingh",1
"870","#JIVE",1
"871","#JobCreation",1
"872","#jobs",1
"873","#JustDoIt",1
"874","#JustTransition",1
"875","#k5ko5",1
"876","#KansaiElectricPower",1
"877","#KawasakiHeavyIndustries",1
"878","#keepitintheground",1
"879","#kerala",1
"881","#Kintex",1
"882","#knowledgeispower",1
"883","#KonradAdenuaerStiftung",1
"885","#landfillgas",1
"886","#LatinAmerica",1
"887","#LatinAmerica--https://t.co/F94Zf1AzUn",1
"888","#LatinAmerica.",1
"889","#LatinXChem2021",1
"890","#ldcforum",1
"892","#Leichtbau",1
"893","#lhyfe",1
"894","#LIFE",1
"895","#Light2Battery",1
"897","#lightweight",1
"899","#LiquidElectricity",1
"901","#LISW21",1
"902","#lithium",1
"904","#LithiumIonBattery",1
"905","#liverun",1
"906","#Logistics",1
"907","#Long_Ideas",1
"908","#LOTTEchemical",1
"910","#LowCarbonSteel",1
"911","#LugInvest",1
"912","#LummusDigital",1
"913","#LXChemEnv",1
"914","#Macroeconomics",1
"915","#MakeinIndia",1
"917","#Mali",1
"919","#mantechhd",1
"921","#ManUnited",1
"923","#Marine",1
"926","#Maritime2050",1
"929","#Marubeni",1
"931","#mdpienergies",1
"932","#membrane",1
"933","#memestocks",1
"934","#MERIWEATHERASSOC",1
"936","#methanol",1
"937","#Methanol",1
"938","#Michelin",1
"939","#microbial",1
"940","#microfluidic",1
"941","#microgrids.",1
"942","#microplastics",1
"943","#Microsoft",1
"944","#midwestprojects21",1
"945","#Mining",1
"947","#mirai",1
"949","#Mississauga",1
"950","#MIT",1
"952","#Mobility",1
"953","#Mobility,",1
"954","#MobilitySolutions",1
"955","#mommaLtrades",1
"956","#Monaco",1
"958","#morning",1
"959","#Morningglow",1
"960","#Moscow,",1
"961","#Moscow.",1
"962","#motoragazza",1
"963","#MoU",1
"964","#MSMEs",1
"967","#myTradeSignals",1
"968","#nachhaltigkeit",1
"969","#Namibia",1
"971","#Nanoparticle",1
"972","#nanoparticle-based",1
"973","#nanoparticles,",1
"974","#NanoSUN",1
"975","#Nanotechnology",1
"977","#nasdaq",1
"979","#NASDAQ",1
"980","#natgas",1
"981","#NatGas,",1
"982","#national",1
"983","#NationalHydrogenMission",1
"984","#NationalInsuranceLevy",1
"986","#nature",1
"987","#naval,",1
"988","#NavalCraft",1
"989","#nb",1
"990","#nel",1
"991","#NEL",1
"992","#NelASA",1
"994","#netherlands",1
"997","#netzero.",1
"998","#NetZero1",1
"999","#Netzero2050",1
"1000","#neuland2021",1
"1002","#newnorthsea",1
"1005","#newstudy,",1
"1008","#nextgeneration",1
"1009","#NextMobility",1
"1011","#NiagaraFalls",1
"1012","#Niasdaq",1
"1013","#Nifty",1
"1014","#Niger",1
"1015","#NIIF",1
"1016","#nikolatre",1
"1017","#nineten21",1
"1019","#NLIndia",1
"1020","#nocombustion",1
"1022","#NorthernGermany",1
"1023","#not_a_BRaT",1
"1024","#note",1
"1025","#now,",1
"1027","#NRELMobility",1
"1028","#NRELTransport",1
"1029","#nswpol",1
"1030","#NTPC",1
"1031","#nuage",1
"1032","#nuvola",1
"1033","#nyse",1
"1035","#ocean_technology",1
"1036","#Oceanways",1
"1037","#Ofertas",1
"1038","#offshore",1
"1039","#Offshore",1
"1043","#Oil",1
"1045","#√ñl",1
"1046","#ondemand",1
"1047","#options",1
"1048","#Options",1
"1049","#OptionsTrading",1
"1050","#origami",1
"1051","#Origami-Based",1
"1052","#Orkney--Will",1
"1053","#√ñsterreich",1
"1055","#paper-origami",1
"1056","#ParisClimateAgreement",1
"1057","#perth",1
"1058","#petrochemicals",1
"1059","#Petropipefze",1
"1060","#PGMs",1
"1062","#PH2's",1
"1063","#pickup",1
"1064","#pipeline",1
"1065","#Pipes",1
"1066","#pippost",1
"1067","#plasticwastetochemicalstechnology",1
"1068","#pli",1
"1069","#PLI",1
"1070","#PLI)",1
"1072","#Plug",1
"1073","#plugin",1
"1074","#PluginHybridElectricVehicle",1
"1076","#Podcast",1
"1077","#podcasts",1
"1078","#Poland",1
"1079","#pollution",1
"1080","#Polyestertime",1
"1081","#polymer",1
"1082","#PorfinenExpoquimia,",1
"1083","#porsche",1
"1085","#Ports",1
"1086","#Poshmark",1
"1088","#power,",1
"1089","#powered",1
"1090","#poweredbyBallard",1
"1091","#PoweredByWater.",1
"1092","#PowerGeneration",1
"1093","#powersector",1
"1095","#Press_Releases",1
"1096","#pressrelease:",1
"1097","#priority",1
"1099","#Prius",1
"1100","#producegreenhydrogen",1
"1102","#ProgressForHumanity",1
"1103","#propulsion",1
"1104","#protium",1
"1105","#prototype",1
"1106","#Puglia",1
"1107","#PV",1
"1108","#QHydrogen",1
"1110","#quantronag",1
"1111","#Queensland",1
"1112","#Queensland--https://t.co/YwXQT0xKM8",1
"1113","#Rail",1
"1114","#rainbow",1
"1115","#Rasa",1
"1116","#Ready4Wasserstoff",1
"1118","#recycledplastics",1
"1119","#recycling",1
"1120","#Reddit?",1
"1121","#reduceGHG",1
"1122","#RedWall",1
"1123","#regiondelbiobio",1
"1124","#regulations",1
"1125","#Reliance",1
"1129","#renewable-powered",1
"1130","#renewableelectricity",1
"1131","#renewableenerg",1
"1135","#renewableenergy-https://t.co/5QlyB66A1k",1
"1137","#RenewableEnergy.",1
"1138","#RenewableEnergyIndiaExpo2021.",1
"1139","#renewablegas",1
"1141","#renewablehydrogen,",1
"1142","#renewablepower",1
"1145","#renewables,",1
"1146","#RenwableEnergy",1
"1147","#RescueDrone",1
"1148","#RescueDrone,",1
"1150","#ResearchAndDevelopment.",1
"1151","#ResearchGroup",1
"1152","#responsibility",1
"1153","#rethinkenergy",1
"1154","#retrofit",1
"1155","#RHGV",1
"1156","#RINA",1
"1157","#rivoluzioneidrogeno",1
"1159","#RobbanAssafinaMagazine",1
"1160","#robot",1
"1161","#robusttargets",1
"1162","#RollsRoyce",1
"1163","#roostertalk",1
"1164","#ROSATOM",1
"1165","#rotterdam",1
"1167","#RTC21",1
"1168","#RTC21.",1
"1169","#RTOInsider",1
"1170","#run",1
"1171","#runners",1
"1172","#Russia--Companies‚Äô",1
"1174","#Russian",1
"1175","#RussianRailways",1
"1177","#Saiee",1
"1178","#sailing",1
"1179","#SAIPEM",1
"1180","#Sakhalin",1
"1182","#Sarawak",1
"1183","#SaturdayRunning",1
"1184","#saveearth",1
"1186","#SaveThePlanet",1
"1187","#SayNoToDiesel",1
"1189","#science",1
"1190","#Science",1
"1191","#Scientists",1
"1192","#Scotland",1
"1193","#sdg",1
"1194","#SDG",1
"1195","#SE4all",1
"1196","#SEEF2021",1
"1198","#SelfDriving,",1
"1199","#SelfReliance",1
"1200","#September22",1
"1201","#seshydrogen",1
"1202","#sfceenrgy",1
"1204","#shareholders",1
"1205","#shares",1
"1206","#Shell",1
"1208","#Shipping",1
"1209","#Ships",1
"1210","#shopmycloset",1
"1211","#Short_Ideas",1
"1212","#sierraclub",1
"1213","#sinohyenergy",1
"1214","#sinopec",1
"1215","#sƒ±fƒ±remisyon",1
"1216","#sky",1
"1217","#smallcap",1
"1219","#smallcaps",1
"1224","#Smiledirectclub",1
"1227","#Snam,",1
"1228","#SoCal",1
"1232","#SOLAR",1
"1233","#solar--https://t.co/APlsiYUxnc",1
"1235","#SolarEnergy",1
"1236","#SolarNews",1
"1238","#solarpv",1
"1241","#SouthAfrica--The",1
"1243","#SouthKorea",1
"1244","#SouthKoreaüá∞üá∑",1
"1246","#SpaceCoast",1
"1247","#spaceheating",1
"1249","#spectroscopy",1
"1250","#Speicherl√∂sungen",1
"1253","#StanwellCorp",1
"1255","#Startup",1
"1257","#steel",1
"1258","#steelproduction",1
"1259","#Stellantis",1
"1264","#StockMarketNews",1
"1268","#stocksinnews",1
"1269","#StocksToBuy",1
"1271","#StopBurningStuff",1
"1272","#StopRedbank",1
"1273","#storagesystems",1
"1274","#StrategicPartnership",1
"1275","#StrongerBC",1
"1276","#structuralreforms",1
"1277","#StruggleIsReal",1
"1278","#Stuttgart",1
"1279","#submarine",1
"1280","#Submarine",1
"1281","#Success",1
"1282","#sunlight,",1
"1283","#sunrise",1
"1284","#Supplier",1
"1287","#Sustainability.",1
"1288","#sustainable",1
"1289","#Sustainable",1
"1290","#sustainabledevelopment",1
"1293","#sustainableLiving",1
"1294","#sustainabletransport",1
"1295","#Syrian_refugee_students_in_Jordan",1
"1296","#Tachikawacity",1
"1298","#TeamNB",1
"1299","#teamwork",1
"1302","#TechNews",1
"1303","#technique",1
"1304","#technologies",1
"1305","#Technologies",1
"1306","#technologies.",1
"1307","#Technologiestandort",1
"1308","#technologique",1
"1310","#Technology",1
"1311","#technologytransfer",1
"1312","#TechTalk",1
"1314","#telecoms",1
"1316","#temizenerji",1
"1317","#tesla",1
"1319","#TheBatteryShow",1
"1320","#thehydrogenrevolution",1
"1321","#theindextoday",1
"1322","#ThesmarterE",1
"1323","#Thread",1
"1324","#TiredEarth",1
"1325","#tires",1
"1326","#TitusvilleFL",1
"1328","#token",1
"1330","#Tokuyama",1
"1331","#TOMORROW",1
"1332","#Top5",1
"1333","#Top5ThingsToKnowToday:",1
"1334","#ToryScum",1
"1336","#ToTheMoon",1
"1337","#TourEiffel",1
"1338","#toyota",1
"1340","#Toyota,",1
"1341","#ToyotaMirai",1
"1342","#Trade",1
"1343","#Trader",1
"1345","#tradinglifestyle",1
"1346","#tradinglog",1
"1347","#tradingtips",1
"1348","#Tradingview",1
"1349","#trailer",1
"1350","#TrailerDrone",1
"1352","#Train",1
"1353","#trains",1
"1355","#transition",1
"1356","#Transition√âcologique",1
"1357","#Transition√ânerg√©tique",1
"1358","#transizione",1
"1359","#Transmashholding",1
"1362","#transportationecosystem",1
"1363","#transportationindustry",1
"1364","#trees4‚Ä¶https://t.co/NnvTdyj5C7",1
"1366","#TrendingNow",1
"1369","#tron",1
"1374","#TruckNews",1
"1376","#Trucks",1
"1377","#Trucks--@BallardPwr",1
"1378","#tubular",1
"1379","#turbines",1
"1380","#TVSTechnology",1
"1382","#tytenenergy",1
"1384","#UKIndians",1
"1385","#ukmfg",1
"1386","#underwater",1
"1387","#unep",1
"1388","#UnionEurop√©enne.",1
"1390","#UOA",1
"1391","#uranium",1
"1392","#urea",1
"1393","#urjadaily",1
"1394","#US",1
"1397","#ute",1
"1398","#Utilities",1
"1399","#Uusiutuva",1
"1401","#Valves",1
"1402","#vanadium",1
"1403","#Vancouver-based",1
"1404","#vcfunds",1
"1405","#vectorrenewables",1
"1406","#VehicleEmissions",1
"1408","#Vehicles",1
"1409","#vehicles.",1
"1410","#VES",1
"1411","#Vety",1
"1412","#vetyautot",1
"1413","#Vision",1
"1414","#visionfk",1
"1416","#VisionFK,",1
"1418","#volume:",1
"1420","#VRFB",1
"1422","#W2H2‚Äù",1
"1425","#wallstreebets",1
"1426","#wallstreet",1
"1431","#Wasserstoff‚Äë#Aktie",1
"1432","#Wasserstoff:",1
"1433","#WasserstoffZukunft",1
"1434","#WasteToHydrogen",1
"1435","#wastetrestment",1
"1437","#wave",1
"1439","#WeAreAutomotive",1
"1440","#weather",1
"1442","#webinar!",1
"1443","#wecommit",1
"1444","#wegotnow",1
"1446","#weitermitwasserstoff,",1
"1447","#westernaustralia",1
"1448","#WhatsYourTechStory",1
"1449","#why_it_s_moving",1
"1450","#wikifolio",1
"1453","#Wind2H2",1
"1454","#windenergie",1
"1456","#windfarms",1
"1457","#windpower",1
"1458","#WirBrauchenBeides",1
"1459","#WomenInEnergy",1
"1460","#world",1
"1461","#World",1
"1462","#WorldEconomy",1
"1463","#wpp",1
"1464","#WPP",1
"1465","#wppenergy",1
"1466","#Wyoming",1
"1467","#XGlobalMarkets",1
"1468","#xrp",1
"1469","#yakƒ±th√ºcrelikamyon",1
"1470","#Yakƒ±tH√ºcresi",1
"1471","#ydrogen",1
"1472","#yenilenebilirenerji",1
"1473","#ye≈üilhidrojen",1
"1474","#yoko„ÅÆÊ∞ó„Å´„Å™„ÇãË©±È°å",1
"1475","#youtube",1
"1477","#YVR‚Äîfor",1
"1479","#zerocarbon",1
"1480","#ZeroCarbon",1
"1481","#ZeroCarbonFuel",1
"1482","#zeroco2",1
"1483","#zeroco2mobility",1
"1485","#Zeroemission",1
"1487","#zeroemissioncars",1
"1489","#Zeroemissions",1
"1491","#zeroemissionws",1
"1492","#zeroemissioons",1
"1493","#ZEUS,",1
"1494","#Zynga",1
"1495","#Î†àÏä§ÌÅêÎìúÎ°†",1
"1496","#ÎπÑÏ†ÑFK",1
"1501","#ÏàòÏÜåÏï†ÎãàÎ©îÏù¥ÏÖò",1
"1502","#ÏàòÏÜåÏó∞Î£åÏ†ÑÏßÄÏ∞®,",1
"1503","#ÏàòÏÜåÏ†ÑÍ∏∞Ï∞®",1
"1505","#Ïù¥ÎèôÌòïÏó∞Î£åÏ†ÑÏßÄÎ∞úÏ†ÑÍ∏∞",1
"1506","#Ìä∏Î†àÏùºÎü¨ÎìúÎ°†",1
"1507","#ÌååÏõåÏú†ÎãõÎ™®Îìà",1
"1509","#„Ç¢„ÇØ„Ç¢„Éª„Çπ„Éë„Ç§„ÉÄ„Éº",1
"1510","#„Ç¢„ÇØ„Ç¢„É©„Ç§„ÉÄ„Éº",1
"1511","#„Ç®„É¨„Ç≠„ÉÉ„Éà",1
"1512","#„Ç∏„Éß„ÇÆ„É≥„Ç∞",1
"1513","#„Çπ„ÉÜ„ÉÉ„Éó„Çπ„Éù„Éº„ÉÑ",1
"1514","#„Çπ„ÉÜ„ÉÉ„Éó„Çπ„Éù„Éº„ÉÑÊòü„É∂‰∏ò",1
"1515","#„Çª„Éº„É´‰∏≠",1
"1517","#„Éï„Ç°„Éº„É¨Á´ãÂ∑ù",1
"1518","#„Éû„Ç∞„Éç„Ç∑„Ç¶„É†ÈõªÊ±†„É©„Ç§„É≥„Éä„ÉÉ„Éó",1
"1519","#„É©„Ç§„Éñ„É©„É≥",1
"1520","#„É©„É≥„Éã„É≥„Ç∞",1
"1521","#„É©„É≥„Éã„É≥„Ç∞„Ç∑„É•„Éº„Ç∫",1
"1522","#„É©„É≥„Éã„É≥„Ç∞Â∞ÇÈñÄÂ∫ó",1
"1523","#„É©„É≥„Éó„É©",1
"1524","#„É™„Éè„Éì„É™",1
"1525","#‰∏äÁî∞Ëóç",1
"1526","#ÂêçÂè§Â±ã",1
"1527","#ÂõΩÂñ∂Êò≠ÂíåË®òÂøµÂÖ¨Âúí",1
"1528","#ÂÆüËµ∞„É¨„Éì„É•„Éº",1
"1529","#Â∫ú‰∏≠Ë°óÈÅì",1
"1530","#Âª£Â∑ùÈôΩÂ≠ê",1
"1531","#ÂøÉÁ≠ãÊ¢óÂ°û",1
"1532","#Êúù„É©„É≥",1
"1533","#ÊúùÁÑº„Åë",1
"1534","#Êù±ÂÖ´ÈÅìË∑Ø",1
"1535","#Ê°êÁîüÈõ≤ÈÉ®",1
"1536","#ÁáÉÊñôÈõªÊ±†„Éü„Éã„Éê„ÇÆ„Éº",1
"1537","#Á©∫",1
"1538","#Ëµ∞„Çã„ÅÆ„Å†„ÅÑ„Åô„Åç",1
"1539","#ÈáéÂ∑ùÂÖ¨Âúí",1
"1540","#Èõ≤",1
